[
  {
    "id": "autofire_rifle",
    "type": "GUNMOD",
    "name": "auto-fire rifle assembly",
    "description": "Fabricated parts necessary to convert a valid semi-automatic rifle to a selective fire weapon with a burst size of 15 rounds.  However it reduces accuracy while increasing recoil.",
    "weight": 226,
    "volume": 1,
    "integral_volume": 0,
    "price": 65000,
    "material": [ "steel" ],
    "symbol": ":",
    "color": "red",
    "location": "receiver",
    "mod_targets": [ "rifle" ],
    "acceptable_ammo": [ "22", "9mm", "40", "45", "57", "46", "223", "308" ],
    "min_skills" : [ [ "gun", 4 ], [ "mechanics", 3 ] ],
    "install_time" : 60000,
    "dispersion_modifier": 30,
    "recoil_modifier": 50,
    "mode_modifier": [ [ "AUTO", "auto", 15 ] ],
    "flags": [ "INSTALL_DIFFICULT", "IRREMOVABLE" ]
  },
  {
    "id": "select_autofire_rifle",
    "type": "GUNMOD",
    "name": "select auto-fire assembly",
    "description": "A fabricated cam and sear, combined with an auto-fire rifle assembly, used to convert a valid semi-automatic rifle to a selective fire weapon with a burst sizes of 3 and 10 rounds.  However it reduces accuracy while increasing recoil.",
    "weight": 226,
    "volume": 1,
    "integral_volume": 0,
    "price": 65000,
    "material": [ "steel" ],
    "symbol": ":",
    "color": "red",
    "location": "receiver",
    "mod_targets": [ "rifle" ],
    "acceptable_ammo": [ "22", "9mm", "40", "45", "57", "46", "223", "308" ],
    "min_skills" : [ [ "gun", 4 ], [ "mechanics", 3 ] ],
    "install_time" : 60000,
    "dispersion_modifier": 20,
    "recoil_modifier": 30,
    "mode_modifier": [ [ "BURST", "3 rd.", 3 ], [ "AUTO", "auto", 10 ] ],
    "flags": [ "INSTALL_DIFFICULT", "IRREMOVABLE" ]
  }, 
  {
    "id": "select_autofire_shot",
    "type": "GUNMOD",
    "name": "shotgun auto-fire assembly",
    "description": "Fabricated parts necessary to convert a valid semi-automatic shotgun to a selective fire weapon with a burst size of 5 rounds.  However it reduces accuracy while increasing recoil.",
    "weight": 226,
    "volume": 1,
    "integral_volume": 0,
    "price": 65000,
    "material": [ "steel" ],
    "symbol": ":",
    "color": "red",
    "location": "receiver",
    "mod_targets": [ "shotgun" ],
    "acceptable_ammo": [ "shot" ],
    "min_skills" : [ [ "gun", 4 ], [ "mechanics", 3 ] ],
    "install_time" : 60000,
    "dispersion_modifier": 50,
    "recoil_modifier": 50,
    "mode_modifier": [ [ "AUTO", "auto", 5 ] ],
    "flags": [ "INSTALL_DIFFICULT", "IRREMOVABLE" ]
  }, 
  {
    "id": "fold_adjust_stock",
    "type": "GUNMOD",
    "name": "folding and adjustable stock",
    "//": "This is for weapons with factory-made folding and adjustable stocks only. It is not included in itemgroups.",
    "description": "This mod improves recoil, and accuracy but needs unfolding before use.  It increases the time needed to wield the weapon.",
    "weight": 200,
    "integral_volume": 0,
    "price": 42000,
    "material": [ "plastic", "steel" ],
    "symbol": ":",
    "color": "dark_gray",
    "location": "sights",
    "mod_targets": [ "smg", "rifle", "shotgun", "crossbow", "pistol", "launcher" ],
    "min_skills": [ [ "gun", 2 ] ],
      "dispersion_modifier": -20,
      "recoil_modifier": -10,
    "flags": [ "SLOW_WIELD", "COLLAPSIBLE_STOCK" ]
  },
  {
    "id": "survivor_bipod",
    "type": "GUNMOD",
    "name": "lightweight bipod",
    "description": "A makeshift, metal bipod looped around the barrel and used to provide a forward rest to reduce motion.  Aside from a very slight increased weight, there are no drawbacks.",
    "weight": 100,
    "volume": 2,
    "price": 3000,
    "bashing": 6,
    "to_hit": -1,
    "material": "steel",
    "symbol": ":",
    "color": "brown",
    "location": "accessories",
    "mod_targets": [ "smg", "rifle", "launcher" ],
    "min_skills": [ [ "gun", 2 ] ],
    "dispersion_modifier": -35
  },
  {
    "id": "neck_strap",
    "type": "GUNMOD",
    "name": "neck strap",
    "//": "Located as a replacement choice for a stock.",
    "description": "A neck strap allows a pistol to be worn like a piece of clothing.  It offers no protection, but improves accuracy when held taught.",
    "weight": 75,
    "volume": 1,
    "integral_volume": 0,
    "price": 480,
    "material": "cotton",
    "symbol": ":",
    "color": "green",
    "location": "stock",
    "mod_targets": [ "smg", "pistol"],
    "flags": [ "IS_ARMOR", "BELTED", "OVERSIZE" ],
    "dispersion_modifier": -75,
    "recoil_modifier": -30
  },
  {
    "id": "peep_sight",
    "type": "GUNMOD",
    "name": "peep sight",
    "description": "A rear sight aperture that can adjust for windage and elevation allowing for very accurate aiming through a small, framed circle. Also known as a diopter sight.",
    "weight": 60,
    "volume": 1,
    "integral_volume": 0,
    "price": 8000,
    "material": [ "aluminum", "steel" ],
    "symbol": ":",
    "color": "dark_gray",
    "location": "sights",
    "mod_targets": [ "smg", "rifle", "shotgun", "crossbow", "launcher" ],
    "min_skills": [ [ "gun", 2 ], [ "rifle", 1 ] ],
    "aim_cost": 8,
    "sight_dispersion": 15
  },
  {
    "id": "susat_scope",
    "type": "GUNMOD",
    "name": "SUSAT scope",
    "description": "A 4x telescopic sight aperture with a red illuminated, German Post type reticle.",
    "weight": 417,
    "volume": 1,
    "price": 68000,
    "material": [ "aluminum", "steel" ],
    "symbol": ":",
    "color": "dark_gray",
    "location": "sights",
    "mod_targets": [ "smg", "rifle", "shotgun", "crossbow", "launcher" ],
    "min_skills": [ [ "gun", 2 ], [ "rifle", 1 ] ],
    "aim_cost": 6,
    "sight_dispersion": 45
  },  
  {
    "id": "six12_shot_suppressor",
    "type": "GUNMOD",
    "name": "Six12 integral shotgun suppressor",
    "//": "This is a factory-made shot suppressor. It is not included in itemgroups.",
    "description": "An integral shot suppressor designed to work with Crye Six12.",
    "weight": 400,
    "volume": 4,
    "integral_volume": 1,
    "price": 140000,
    "bashing": 3,
    "to_hit": 1,
    "material": [ "aluminum", "steel" ],
    "symbol": ":",
    "color": "dark_gray",
    "location": "muzzle",
    "mod_targets": [ "shotgun" ],
    "damage_modifier": -4,
    "loudness_modifier": -30,
    "recoil_modifier": -15,
    "flags": [ "IRREMOVABLE" ]
  },
  {  
    "id": "six12_mod",
    "type": "GUNMOD",
    "name": "Crye Six12 underbarrel shotgun",
    "description": "A double action, bullpup, shotgun semi-automatic with a removable revolver cylinder.",
    "weight": 2600,
    "volume": 4,
    "price": 180000,
    "material": [ "plastic", "steel" ],
    "symbol": ":",
    "color": "light_red",
    "location": "underbarrel",
    "mod_targets": [ "rifle" ],
    "min_skills": [ [ "gun", 2 ] ],
    "gun_data": {
      "skill": "shotgun",
      "ammo": "shot",
      "range": 1,
      "dispersion": 50,
      "sight_dispersion": 90,
      "recoil": 45,
      "durability": 9,
      "reload": 100
    },
    "dispersion_modifier": 15,
    "magazine_well": 5,
    "magazines": [
       [ "shot", [ "six12mag" ] ]
    ],
    "flags": [ "NEVER_JAMS", "RELOAD_EJECT" ]
  },
  {
    "id": "retool_38",
    "type": "GUNMOD",
    "name": ".38 caliber conversion kit",
    "description": "This kit replaces several key parts of an applicable firearm and converts it to a .38 firearm.  The conversion results in reduced accuracy.",
    "weight": 114,
    "volume": 1,
    "integral_volume": 0,
    "price": 36000,
    "material": "steel",
    "symbol": ":",
    "color": "green",
    "location": "bore",
    "mod_targets": [ "pistol", "smg", "rifle" ],
    "acceptable_ammo": [ "9mm", "357", "40", "44", "46", "57" ],
    "min_skills" : [ [ "gun", 3 ], [ "mechanics", 2 ] ],
    "install_time" : 60000,
    "dispersion_modifier": 15,
    "ammo_modifier": "38",
    "flags" : [ "INSTALL_DIFFICULT", "IRREMOVABLE" ]
  },
  {
    "id": "retool_357",
    "type": "GUNMOD",
    "name": ".357 caliber conversion kit",
    "description": "This kit replaces several key parts of an applicable firearm and converts it to a .357 firearm.  The conversion results in reduced accuracy.",
    "weight": 114,
    "volume": 1,
    "integral_volume": 0,
    "price": 36000,
    "material": "steel",
    "symbol": ":",
    "color": "green",
    "location": "bore",
    "mod_targets": [ "pistol", "smg", "rifle" ],
    "acceptable_ammo": [ "9mm", "38", "40", "44", "46", "57" ],
    "min_skills" : [ [ "gun", 3 ], [ "mechanics", 2 ] ],
    "install_time" : 60000,
    "dispersion_modifier": 15,
    "ammo_modifier": "357",
    "flags" : [ "INSTALL_DIFFICULT", "IRREMOVABLE" ]
  },  
  {
    "id": "retool_40",
    "type": "GUNMOD",
    "name": ".40 caliber conversion kit",
    "description": "This kit replaces several key parts of an applicable firearm and converts it to a .40 firearm.  The conversion results in reduced accuracy.",
    "weight": 114,
    "volume": 1,
    "integral_volume": 0,
    "price": 40000,
    "material": "steel",
    "symbol": ":",
    "color": "green",
    "location": "bore",
    "mod_targets": [ "pistol", "smg", "rifle" ],
    "acceptable_ammo": [ "9mm", "38", "357", "44", "46", "57" ],
    "min_skills" : [ [ "gun", 3 ], [ "mechanics", 2 ] ],
    "install_time" : 60000,
    "dispersion_modifier": 15,
    "ammo_modifier": "40",
    "flags" : [ "INSTALL_DIFFICULT", "IRREMOVABLE" ]
  },
  {
    "id": "retool_762",
    "type": "GUNMOD",
    "name": "7.62x39mm caliber conversion kit",
    "description": "This kit replaces several key parts of an applicable firearm and converts it to a 7.62x39mm firearm.  The conversion results in reduced accuracy.",
    "weight": 114,
    "volume": 1,
    "integral_volume": 0,
    "price": 40000,
    "material": "steel",
    "symbol": ":",
    "color": "green",
    "location": "bore",
    "mod_targets": [ "pistol", "smg", "rifle" ],
    "acceptable_ammo": [ "9mm", "38", "357", "44", "46", "57", "545x39" ],
    "min_skills" : [ [ "gun", 3 ], [ "mechanics", 2 ] ],
    "install_time" : 60000,
    "dispersion_modifier": 15,
    "ammo_modifier": "762",
    "flags" : [ "INSTALL_DIFFICULT", "IRREMOVABLE" ]
  },
  {
    "id": "retool_545x39",
    "type": "GUNMOD",
    "name": "5.45x39mm caliber conversion kit",
    "description": "This kit replaces several key parts of an applicable firearm and converts it to a 5.45x39mm firearm.  The conversion results in reduced accuracy.",
    "weight": 114,
    "volume": 1,
    "integral_volume": 0,
    "price": 40000,
    "material": "steel",
    "symbol": ":",
    "color": "green",
    "location": "bore",
    "mod_targets": [ "pistol", "smg", "rifle" ],
    "acceptable_ammo": [ "9mm", "38", "357", "44", "46", "57", "762" ],
    "min_skills" : [ [ "gun", 3 ], [ "mechanics", 2 ] ],
    "install_time" : 60000,
    "dispersion_modifier": 15,
    "ammo_modifier": "545x39",
    "flags" : [ "INSTALL_DIFFICULT", "IRREMOVABLE" ]
  }  
]