[
  {
    "type" : "recipe",
    "result": "neck_strap",
    "category": "CC_WEAPON",
    "subcategory": "CSC_WEAPON_MODS",
    "skill_used": "fabrication",
    "difficulty": 2,
    "time": 1000,
    "reversible": false,
    "autolearn": true,
    "qualities":[
      { "id":"CUT","level":1,"amount":1 }
    ],
    "components": [
      [	[ "rope_6", 1 ] ],
      [ [ "rag", 3 ] ],
      [ [ "string_36", 6 ] ]
    ]
  },
  {
    "result": "peep_sight",
    "type" : "recipe",
    "category": "CC_WEAPON",
    "subcategory": "CSC_WEAPON_MODS",
    "skill_used": "fabrication",
    "difficulty": 2,
    "skills_required": [ [ "gun", 3 ] ],
    "time": 30000,
    "book_learn": [
       [ "mag_guns", 3 ], [ "mag_shotgun", 3 ], [ "mag_smg", 3 ], [ "mag_rifle", 3 ],
       [ "manual_gun", 3 ], [ "manual_shotgun", 3 ], [ "manual_smg", 3 ] , [ "manual_rifle", 3 ]
    ],
    "qualities": [
      { "id":"HAMMER_FINE", "level": 1 },
      { "id":"SAW_M_FINE", "level": 1 }
    ],
    "tools": [
      [ [ "large_repairkit", 10 ], [ "small_repairkit", 30 ] ],
      [ [ "soldering_iron", 15 ], [ "toolset", 15 ] ]
    ],
    "components": [
      [ [ "scrap", 1 ] ],
      [ [ "steel_chunk", 1 ] ]
    ]
  },
  {
    "result": "survivor_bipod",
    "type" : "recipe",
    "category": "CC_WEAPON",
    "subcategory": "CSC_WEAPON_MODS",
    "skill_used": "fabrication",
    "difficulty": 2,
    "skills_required": [ [ "gun", 3 ] ],
    "time": 30000,
    "book_learn": [
      [ "pocket_survival", 2 ]
    ],
    "qualities": [
      { "id":"HAMMER_FINE", "level": 1 },
      { "id":"SAW_M_FINE", "level": 1 }
    ],
    "tools": [
      [ [ "welder_crude", 15 ] ]
    ],
    "components": [
      [ [ "scrap", 1 ] ],
      [ [ "sheet_metal", 1 ] ]
    ]
  },
  {
    "result": "autofire_rifle",
    "type" : "recipe",
    "category": "CC_WEAPON",
    "subcategory": "CSC_WEAPON_MODS",
    "skill_used": "fabrication",
    "difficulty": 5,
    "skills_required": [ [ "gun", 4 ],[ "rifle", 2 ] ],
    "time": 80000, 
    "book_learn": [ [ "textbook_anarch", 4 ] , [ "manual_rifle", 3 ] , [ "manual_fabrication", 5 ] ],
    "reversible": false,
    "autolearn": true,
    "qualities": [
      { "id": "HAMMER_FINE", "level": 1 },
      { "id": "SCREW_FINE", "level": 1 },
      { "id": "SAW_M_FINE", "level": 1 },
      { "id": "WRENCH_FINE", "level": 1 },
      { "id": "CHISEL", "level": 3 },
      { "id": "DRILL", "level": 1 }
    ],
    "tools": [
      [
        [ "small_repairkit", -1 ],
        [ "large_repairkit", -1 ]
      ]
    ],
    "components": [
      [ [ "scrap", 1 ] ],
      [ [ "sheet_metal", 1 ] ]
    ]
  },  
  {
    "result": "select_autofire_rifle",
    "type" : "recipe",
    "category": "CC_WEAPON",
    "subcategory": "CSC_WEAPON_MODS",
    "skill_used": "fabrication",
    "difficulty": 5,
    "skills_required": [ [ "gun", 4 ],[ "rifle", 2 ] ],
    "time": 60000, 
    "book_learn": [ [ "textbook_anarch", 5 ] , [ "textbook_fabrication", 5 ] ],
    "reversible": false,
    "autolearn": true,
    "qualities": [
      { "id": "HAMMER_FINE", "level": 1 },
      { "id": "SCREW_FINE", "level": 1 },
      { "id": "SAW_M_FINE", "level": 1 },
      { "id": "WRENCH_FINE", "level": 1 },
      { "id": "CHISEL", "level": 3 }
    ],
    "tools": [
      [
        [ "small_repairkit", -1 ],
        [ "large_repairkit", -1 ]
      ]
    ],
    "components": [
      [ [ "autofire_rifle", 1 ] ],
      [ [ "scrap", 1 ] ],
      [ [ "sheet_metal", 1 ] ]
    ]      
  },
  {
    "result": "select_autofire_shot",
    "type" : "recipe",
    "category": "CC_WEAPON",
    "subcategory": "CSC_WEAPON_MODS",
    "skill_used": "fabrication",
    "difficulty": 5,
    "skills_required": [ [ "gun", 4 ],[ "rifle", 2 ] ],
    "time": 80000, 
    "book_learn": [ [ "manual_shotgun", 6 ] , [ "textbook_anarch", 5 ] ],
    "reversible": false,
    "autolearn": true,
    "qualities": [
      { "id": "HAMMER_FINE", "level": 1 },
      { "id": "SCREW_FINE", "level": 1 },
      { "id": "SAW_M_FINE", "level": 1 },
      { "id": "WRENCH_FINE", "level": 1 },
      { "id": "CHISEL", "level": 3 },
      { "id": "DRILL", "level": 1 }
    ],
    "tools": [
      [
        [ "small_repairkit", -1 ],
        [ "large_repairkit", -1 ]
      ]
    ],
    "components": [
      [ [ "scrap", 1 ] ],
      [ [ "sheet_metal", 1 ] ]
    ]  
  },  
  {
    "type" : "recipe",
    "result": "automagPack",
    "id_suffix": "uncraft",
    "category": "CC_NONCRAFT",
    "subcategory": "CSC_NONCRAFT",
    "difficulty": 0,
    "time": 500,
    "reversible": true,
    "autolearn": false,
    "components": [
      [ [ "automag", 1 ] ],
      [ [ "deaglemag", 2 ] ],
      [ [ "small_repairkit", 1 ] ],
      [ [ "battery", 300 ] ],
      [ [ "manual_gun", 1 ] ],
      [ [ "holster", 1 ] ]
    ]
  },
  {
    "type" : "recipe",
    "result": "coonan357Pack",
    "id_suffix": "uncraft",
    "category": "CC_NONCRAFT",
    "subcategory": "CSC_NONCRAFT",
    "difficulty": 0,
    "time": 500,
    "reversible": true,
    "autolearn": false,
    "components": [
      [ [ "coonan357", 1 ] ],
      [ [ "357_mag", 2 ] ],
      [ [ "improve_sights", 1 ] ],
      [ [ "manual_gun", 1 ] ]
    ]
  },  
  {
    "type" : "recipe",
    "result": "r93t2Pack",
    "id_suffix": "uncraft",
    "category": "CC_NONCRAFT",
    "subcategory": "CSC_NONCRAFT",
    "difficulty": 0,
    "time": 500,
    "reversible": true,
    "autolearn": false,
    "//": "I hope that noone is confused by the additional mags (.223 & .308) with which they can only use if a retool kit is applied to the rifle.",
    "components": [
      [ [ "r93t2", 1 ] ],
      [ [ "300r4mag", 1 ] ],
      [ [ "223r5mag", 1 ] ],
      [ [ "308r5mag", 1 ] ],
      [ [ "manual_gun", 1 ] ],
      [ [ "small_repairkit", 1 ] ],
      [ [ "battery", 300 ] ]
    ]
  },
  {
    "type" : "recipe",
    "result": "m45a1Pack",
    "id_suffix": "uncraft",
    "category": "CC_NONCRAFT",
    "subcategory": "CSC_NONCRAFT",
    "difficulty": 0,
    "time": 500,
    "reversible": true,
    "autolearn": false,
    "components": [
      [ [ "m45a1", 1 ] ],
      [ [ "m1911mag", 2 ] ],
      [ [ "small_repairkit", 1 ] ],
      [ [ "battery", 300 ] ],
      [ [ "manual_gun", 1 ] ]
    ]
  },
  {
    "type" : "recipe",
    "result": "strike_onePack",
    "id_suffix": "uncraft",
    "category": "CC_NONCRAFT",
    "subcategory": "CSC_NONCRAFT",
    "difficulty": 0,
    "time": 500,
    "reversible": true,
    "autolearn": false,
    "components": [
      [ [ "strike_one", 1 ] ],
      [ [ "strike9mm_mag", 1 ] ],
      [ [ "strike40_mag", 1 ] ],
      [ [ "small_repairkit", 1 ] ],
      [ [ "battery", 300 ] ],
      [ [ "manual_gun", 1 ] ]
    ]
  },  
  {
    "type" : "recipe",
    "result": "cbj_msPack",
    "id_suffix": "uncraft",
    "category": "CC_NONCRAFT",
    "subcategory": "CSC_NONCRAFT",
    "difficulty": 0,
    "time": 500,
    "reversible": true,
    "autolearn": false,
    "components": [
      [ [ "cbj_ms", 1 ] ],
      [ [ "nato9mag", 3 ] ],
      [ [ "9mmcbjmag", 1 ] ],
      [ [ "survivor_bipod", 1 ] ]
    ]
  },  
  {
    "type" : "recipe",
    "result": "vd01Pack",
    "id_suffix": "uncraft",
    "category": "CC_NONCRAFT",
    "subcategory": "CSC_NONCRAFT",
    "difficulty": 0,
    "time": 500,
    "reversible": true,
    "autolearn": false,
    "components": [
      [ [ "vd01", 1 ] ],
      [ [ "vd01mag", 2 ] ],
      [ [ "small_repairkit", 1 ] ],
      [ [ "battery", 300 ] ],
      [ [ "pistol_stock", 1 ] ],
      [ [ "autofire", 1 ] ]	  
    ]
  }  
]