[
  {
    "type": "item_group",
    "id": "gunmod_rare",
    "items": [
    [ "neck_strap", 10 ],
	[ "retool_38", 20 ],
	[ "retool_357", 20 ],
	[ "retool_40", 20 ],
	[ "retool_762", 20 ],
    [ "retool_545x39", 20 ],
	[ "six12_mod", 20 ]
    ]
  },
  {
    "type" : "item_group",
    "id" : "gunmod_common",
    "items": [
      [ "peep_sight", 40 ],
      [ "survivor_bipod", 10 ]
    ]
  },
  {
    "type" : "item_group",
    "id" : "gunmod_milspec",
    "items": [
      [ "peep_sight", 20 ],
      [ "susat_scope", 10 ]
    ]
  }  
]