[
  {
    "id": "ar57",
    "//": "The AR57 uses an empty STANAG 30 rd mag for a brass catcher.  I cannot create a special gunmod to accurately represent this because the functionality of the brass_catcher is hard coded - src/ranged.cpp line:1552",
    "copy-from": "rifle_auto",
    "type": "GUN",
    "name": "AR57 LEM",
    "description": "This short barrel rifle (6in Fluted Barrel) is a familiar AR style personal defense weapon.  It fires 5.7x28mm ammunition and takes a FN P90 magazine.  This one is a semi automatic Law Enforcement Model.",
    "weight": 2400,
    "volume": 5,
    "price": 125000,
    "to_hit": -1,
    "bashing": 10,
    "material": [ "steel", "plastic" ],
    "symbol": "(",
    "color": "dark_gray",
    "ammo": "57",
    "range": 8,
    "ranged_damage": 6,
    "sight_dispersion": 60,
    "recoil": 10,
    "durability": 7,
    "built_in_mods": [ "brass_catcher" ],
    "default_mods": [ "suppressor" ],
    "valid_mod_locations": [ [ "accessories", 5 ], [ "barrel", 1 ], [ "grip", 1 ], [ "mechanism", 4 ], ["receiver", 1], [ "muzzle", 1 ], [ "rail", 1 ], [ "sights", 1 ], [ "stock", 1 ] 
    ],
    "magazine_well": 2,
    "magazines": [
      [ "57", [ "fnp90mag" ] ]
    ]
  },
  {
    "id": "r93t2",
    "copy-from": "rifle_manual",
    "type": "GUN",
    "name": "R93 Tactical 2",
    "description": "The Blaser R93 Tactical 2 is a straight pull, bolt action sniper rifle. ",
    "weight": 5400,
    "volume": 11,
    "price": 449500,
    "to_hit": -1,
    "bashing": 12,
    "material": [ "aluminum", "plastic", "steel" ],
    "color": "brown",
    "ammo": "300",
    "range": 20,
    "ranged_damage": 2,
    "sight_dispersion": 60,
    "recoil": -85,
    "durability": 8,
    "barrel_length": 3,
    "built_in_mods": [ "adjustable_stock" ],
    "magazine_well": 1,
    "magazines": [
      [ "300", [ "300r4mag" ] ],
      [ "223", [ "223r5mag" ] ],
      [ "308", [ "308r5mag" ] ]		
    ],
    "flags": "NEVER_JAMS"
  },
  {
    "id": "ameli",
    "copy-from": "rifle_auto",
    "type": "GUN",
    "name": "CETME Ameli",
    "description": "The CETME Ameli light machine gun used by the Spanish military resembles the German MG3 but uses a roller delayed blowback action to reduce recoil as the bolt body travels back on the bolt spring.",
    "weight": 5300,
    "volume": 10,
    "price": 900000,
    "to_hit": -1,
    "bashing": 12,
    "material": [ "steel", "plastic" ],
    "symbol": "(",
    "color": "dark_gray",
    "ammo": "223",
    "dispersion": 160,
    "sight_dispersion": 105,
    "recoil": 80,
    "durability": 7,
    "reload": 400, 
    "modes": [ [ "DEFAULT", "auto", 25 ] ],
    "default_mods": [ "bipod" ],
    "valid_mod_locations": [ [ "accessories", 4 ], [ "barrel", 1 ], [ "bore", 1 ], [ "grip", 1 ], [ "mechanism", 4 ], [ "muzzle", 1 ], [ "rail", 1 ], [ "sights", 1 ], [ "stock", 1 ] 
    ],
    "magazines": [
      [ "223", [ "belt223" ] ]
    ]
  },
  {
    "id": "m1_9",
    "copy-from": "rifle_semi",
    "type": "GUN",
    "name": "Chiappa M1-9",
    "description": "A replica of the standard M1 Carbine of WWII, the Italian semi-automatic, the Chiappa M1-9, is a blowback operated plinker and small game hunting rifle.",
    "weight": 2700,
    "volume": 8,
    "price": 54000,
    "to_hit": -1,
    "bashing": 10,
    "material": [ "steel", "wood" ],
    "ammo": "9mm",
    "dispersion": 45,
    "sight_dispersion": 90,
    "recoil": -155,
    "durability": 8,
    "valid_mod_locations": [ [ "accessories", 4 ], [ "barrel", 1 ], [ "bore", 1 ], [ "mechanism", 4 ], ["receiver", 1], [ "muzzle", 1 ], [ "sights", 1 ] 
     ],
    "magazine_well": 1,
    "magazines": [
      [ "9mm", [ "m9mag", "m9bigmag", "nato9mag", "9mmbetacmag" ] ],
      [ "22", [ "ruger1022bigmag", "ruger1022mag" ] ]
    ]
  },  
  {
    "id": "mdr",
    "copy-from": "rifle_auto",
    "type": "GUN",
    "name": "Desert Tech MDR",
    "description": "With a bullpup design, the Desert Tech Micro Dynamic Rifle is a gas operated, ambidextrous assault rifle.",
    "weight": 3230,
    "volume": 8,
    "price": 235000,
    "to_hit": -1,
    "bashing": 12,
    "material": [ "steel", "plastic" ],
    "ammo": "223",
    "dispersion": 25,
    "sight_dispersion": 60,
    "recoil": -135,
    "durability": 8,
    "burst": 5,	
    "magazine_well": 1,
    "magazines": [
      [ "223", [ "transmag", "stanag30", "stanag10", "stanag50", "223betacmag", "survivor223mag" ] ],
      [ "308", [ "g3mag", "g3bigmag", "308betacmag" ] ]
    ]
  },
  {
    "id": "enfield_l85a2",
    "copy-from": "rifle_auto",
    "type": "GUN",
    "name": "Enfield L85A2",
    "description": "A bullpup assault rifle, the standard issue service rifle of the British Armed Forces, the Enfield L85A2, uses a short-stroke gas piston system and a rotating bolt.",
    "weight": 3820,
    "volume": 6,
    "price": 275000,
    "to_hit": -1,
    "bashing": 12,
    "material": [ "steel", "plastic" ],
    "ammo": "223",
    "range": 4,
    "dispersion": 55,
    "sight_dispersion": 90,
    "recoil": -100,
    "durability": 8,
    "burst": 6,
    "default_mods": [ "susat_scope", "grip" ],	
    "magazine_well": 1,
    "magazines": [
      [ "223", [ "transmag", "stanag30", "stanag10", "stanag50", "223betacmag", "survivor223mag" ] ]
    ]
  },
  {
    "id": "fad",
    "copy-from": "rifle_auto",
    "type": "GUN",
    "name": "FAD assault rifle",
    "description": "From Peru, the FAD assault rifle, (or Fusil Automático Doble,) is a compact infantry support weapon used by vehicle crews as back-up weapon.  It features a bullpup design with an integrated grenade launcher.",
    "weight": 3600,
    "volume": 8,
    "price": 275000,
    "to_hit": -1,
    "bashing": 12,
    "material": [ "aluminum", "plastic" ],
    "ammo": "223",
    "dispersion": 45,
    "sight_dispersion": 90,
    "recoil": -155,
    "durability": 8,
    "burst": 5,
    "built_in_mods": [ "m203" ],	
    "magazine_well": 1,
    "magazines": [
      [ "223", [ "transmag", "stanag30", "stanag10", "stanag50", "223betacmag", "survivor223mag" ] ]
    ]
  },  
  {
    "id": "fx_05",
    "copy-from": "hk_g36", "//": "See modern_weapon_mod/override.json for more information on the hk_g36.",
    "type": "GUN",
    "name": "FX-05 Xiuhcoatl",
    "description": "The Fire Serpent, a modern assault rifle of the Mexican Armed Forces, Fuerzas Armadas de Mexico.  Closely patterned after the German made HK G36.",
    "weight": 3890,
    "default_mods": [ "fold_adjust_stock" ]
  },
  {
    "id": "henry",
    "type": "GUN",
    "name": "Henry Lever Action",
    "description": "The Henry Lever Action has an octogon barrel with brass barrel bands and a brass receiver plate.  This beloved repeater has a home with many a hunter of venison.",
    "weight": 3764,
    "volume": 9,
    "price": 95000,
    "to_hit": -1,
    "bashing": 12,
    "material": [ "steel", "wood" ],
    "symbol": "(",
    "color": "brown",
    "ammo": "3030",
    "skill": "rifle",
    "ranged_damage": 1,
    "dispersion": 30,
    "sight_dispersion": 60,
    "recoil": 100,
    "durability": 8,
    "clip_size": 7,
    "valid_mod_locations": [ [ "accessories", 4 ], [ "barrel", 1 ], [ "bore", 1 ], [ "grip", 1 ], [ "mechanism", 4 ], [ "muzzle", 1 ], [ "rail", 1 ], [ "sights", 1 ], [ "stock", 1 ]
    ],
    "flags": "RELOAD_ONE"
  },
  {
    "id": "galil",
    "copy-from": "rifle_auto",
    "type": "GUN",
    "name": "Galil assault rifle",
    "description": "Built by Israel Military Industries, the Galil is a gas operated/rotating bolt assault rifle whose design was greatly influenced by the Valmet Rk.62 and the AK-47.  It features an aluminum side folding stock and a diopter sight.",
    "weight": 3950,
    "volume": 8,
    "price": 185000,
    "to_hit": -1,
    "bashing": 12,
    "material": [ "steel", "aluminum" ],
    "ammo": "223",
    "dispersion": 25,
    "sight_dispersion": 60,
    "recoil": -10,
    "durability": 9,
    "burst": 8,
    "barrel_length": 1,
    "default_mods": [ "folding_stock", "peep_sight" ],	
    "magazine_well": 1,
    "magazines": [
      [ "223", [ "223ak74mag35", "223ak74mag30" ] ],
      [ "308", [ "308ak74mag25" ] ]
    ]
  },  
  {
    "id": "marlin_1894",
    "type": "GUN",
    "name": "Marlin 1894",
    "description": "A lever action hunting rifle, the .44 Magnum caliber Marlin 1894 repeater is a perfect companion piece for your .44 Magnum sidearm.",
    "weight": 2720,
    "volume": 9,
    "price": 79000,
    "to_hit": -1,
    "bashing": 12,
    "material": [ "steel", "wood" ],
    "symbol": "(",
    "color": "brown",
    "ammo": "44",
    "skill": "rifle",
    "range": 4,
    "ranged_damage": 2,
    "dispersion": 75,
    "sight_dispersion": 90,
    "recoil": 80,
    "durability": 8,
    "clip_size": 10,
    "valid_mod_locations": [ [ "accessories", 4 ], [ "barrel", 1 ], [ "bore", 1 ], [ "grip", 1 ], [ "mechanism", 4 ], [ "muzzle", 1 ], [ "rail", 1 ], [ "sights", 1 ], [ "stock", 1 ]
    ],
    "flags": "RELOAD_ONE"
  }, 
  {
    "id": "marlin_1894c",
    "//": "I realize that a .357 retool mod could produce this caliber rifle but that would produce a weapon more inferior than it ought to be.",
    "copy-from": "marlin_1894",
    "type": "GUN",
    "name": "Marlin 1894C",
    "description": "A lever action hunting rifle, the .357 Magnum caliber Marlin 1894C repeater is a perfect companion piece for your .357 Magnum sidearm.",
    "ammo": "357",
    "range": 4,
    "ranged_damage": 6,
    "recoil": 60,
    "clip_size": 9
  },  
  {
    "id": "marlin_336",
    "copy-from": "henry",
    "type": "GUN",
    "name": "Marlin 336",
    "description": "Combined with a pistol grip-type buttstock and a responsive trigger, the Marlin 336 is a very popular lever action rifle.",
    "weight": 3180,
    "price": 35000,
    "relative": {
      "dispersion": 20
    }	
  },  
  {
    "id": "464spx",
    "copy-from": "henry",	
    "type": "GUN",
    "name": "Mossberg 464 SPX",
    "description": "A centerfire repeating rifle, the Mossberg 464 SPX is a modern take on the classic lever-action rifle.",
    "weight": 3175,
    "price": 54000,
    "material": [ "steel", "plastic" ],
    "relative": {
      "ranged_damage": 1,
      "dispersion": -20
    },	
    "built_in_mods": [ "adjustable_stock" ],
    "valid_mod_locations": [ [ "accessories", 4 ], [ "barrel", 1 ], [ "bore", 1 ], [ "grip", 1 ], [ "mechanism", 4 ], [ "muzzle", 1 ], [ "rail", 1 ], [ "sights", 1 ], [ "stock", 1 ], [ "underbarrel", 1 ]
    ],	
    "flags": [ "RELOAD_ONE", "NEVER_JAMS" ]
  },
  {
    "id": "norinco56_1",
    "copy-from": "ak47",
    "type": "GUN",
    "name": "Norinco Type 56-1",
    "description": "Manufactured by China North Industries Corporation, this assault rifle is a near copy of the Russian AKM.  This model has an integrated pig sticker bayonet, and a foldable stock.",
    "weight": 3213,
    "volume": 3,
    "price": 95000,
    "default_mods": [ "folding_stock" ],
    "built_in_mods": [ "bayonet" ]
  },
  {
    "id": "norinco56_2",
    "copy-from": "ak47",
    "type": "GUN",
    "name": "Norinco Type 56-2",
    "description": "Manufactured by China North Industries Corporation, this assault rifle is a near copy of the Russian AKM.  This model has a foldable stock.",
    "weight": 3600,
    "volume": 5,
    "price": 95000,
    "default_mods": [ "folding_stock" ]
  },  
  {
    "id": "ruger_m77",
    "type": "GUN",
    "name": "Ruger M77",
    "description": "A popular hunting rifle, the Ruger M77 features a Mauser-type controlled round feed extractor and an angled large screw which moves the action into the stock.",
    "weight": 3265,
    "volume": 9,
    "price": 65000,
    "to_hit": -1,
    "bashing": 12,
    "material": [ "steel", "wood" ],
    "symbol": "(",
    "color": "brown",
    "ammo": "3006",
    "skill": "rifle",
    "ranged_damage": 1,
    "dispersion": 75,
    "sight_dispersion": 60,
    "recoil": -70,
    "durability": 8,
    "clip_size": 6,
    "valid_mod_locations": [ [ "accessories", 4 ], [ "barrel", 1 ], [ "bore", 1 ], [ "grip", 1 ], [ "mechanism", 4 ], [ "muzzle", 1 ], [ "rail", 1 ], [ "sights", 1 ], [ "stock", 1 ]
    ],
    "flags": "RELOAD_ONE"
  },  
  {
    "id": "saiga_mk3",
    "copy-from": "rifle_semi",
    "type": "GUN",
    "name": "Saiga Mk3 carbine",
    "description": "This AK-74 style, semi-automatic carbine is gas operated with a dual lug rotary bolt.  Used for hunting, target shooting, and self-defence, it is noted for its reliability and accuracy.",
    "weight": 3400,
    "volume": 8,
    "price": 235000,
    "to_hit": -1,
    "bashing": 12,
    "material": [ "steel", "plastic" ],
    "symbol": "(",
    "color": "brown",
    "ammo": "223",
    "ranged_damage": -1,
    "dispersion": 15,
    "sight_dispersion": 60,
    "recoil": -15,
    "durability": 8,
    "valid_mod_locations": [ [ "accessories", 4 ], [ "barrel", 1 ], [ "grip", 1 ], [ "mechanism", 4 ], ["receiver", 1], [ "muzzle", 1 ], [ "rail", 1 ], [ "sights", 1 ], [ "stock", 1 ], [ "underbarrel", 1 ] 
    ],
    "magazine_well": 1,
    "magazines": [
      [ "223", [ "223ak74mag30", "223ak74mag10", "survivor223mag" ] ],
      [ "308", [ "308ak74mag25" ] ],
      [ "762", [ "akmmag", "akmbigmag" ] ]  
    ]
  },
  {
    "id": "bfg50carb",
    "copy-from": "rifle_manual",
    "type": "GUN",
    "name": "Serbu BFG-50 carbine",
    "description": "A single shot bolt action sniper/anti-materiel rifle with dual locking lugs.",
    "weight": 7700,
    "volume": 14,	
    "price": 307500,
    "to_hit": -1,
    "bashing": 12,
    "material": [ "steel" ],	
    "symbol": "(",
    "color": "dark_gray",
    "ammo": "50",
    "range": 40,
    "ranged_damage": -6,
    "dispersion": 0,
    "sight_dispersion": 90,	
    "recoil": 75,
    "durability": 8,
    "clip_size": 1,
    "barrel_length": 5,
    "default_mods": [ "muzzle_brake", "rifle_scope" ],
    "flags": [ "RELOAD_ONE", "NEVER_JAMS" ]
  },  
  {
    "id": "bfg50a",
    "type": "GUN",
    "name": "Serbu BFG-50A",
    "description": "A semi-automatic sniper/anti-materiel rifle using a gas-operated rotary locking bolt with triangular head.",
    "weight": 10400,
    "volume": 17,	
    "price": 798000,
    "to_hit": -1,
    "bashing": 12,
    "material": [ "aluminum", "steel" ],	
    "symbol": "(",
    "color": "dark_gray",
    "ammo": "50",
    "skill": "rifle",
    "range": 45,
    "ranged_damage": -5,
    "dispersion": 0,
    "sight_dispersion": 90,	
    "recoil": 75,
    "durability": 8,
    "barrel_length": 6,
    "default_mods": [ "muzzle_brake", "rifle_scope" ],
    "valid_mod_locations": [ [ "accessories", 4 ], [ "barrel", 1 ], [ "bore", 1 ], [ "grip", 1 ], [ "mechanism", 4 ], [ "magazine", 1 ], [ "muzzle", 1 ], [ "rail", 1 ], [ "sights", 1 ], [ "stock", 1 ], [ "underbarrel", 1 ]
    ],
    "magazine_well": 1,
    "magazines": [
      [ "50", [ "m107a1mag" ] ]
    ],
    "flags": "NEVER_JAMS"
  },
  {
    "id": "steyr_ssg69",
    "copy-from": "rifle_manual",
    "type": "GUN",
    "name": "Steyr SSG 69",
    "description": "The Steyr Scharfschützengewehr 69 is regarded as one of the most accurate sniper rifle in the world.  It is a bolt action with rear locking lugs.",
    "weight": 4810,
    "volume": 9,
    "price": 130000,
    "to_hit": -1,
    "bashing": 12,
    "material": [ "steel", "plastic" ],
    "symbol": "(",
    "color": "brown",
    "ammo": "308",
    "range": 20,
    "ranged_damage": -1,
    "dispersion": 0,
    "sight_dispersion": 45,
    "recoil": -60,
    "durability": 7,
    "barrel_length": 2,
    "default_mods": [ "rifle_scope" ],
    "valid_mod_locations": [ [ "accessories", 4 ], [ "barrel", 1 ], [ "bore", 1 ], [ "mechanism", 4 ], [ "muzzle", 1 ], [ "sights", 1 ] 
    ],
    "magazine_well": 1,
    "magazines": [
      [ "308", [ "308steyrmag5", "308steyrmag10" ] ],
      [ "223", [ "stanag10" ] ]
    ]
  },
  {
    "id": "mtar21",
    "copy-from": "rifle_auto",
    "type": "GUN",
    "name": "Tavor MTAR-21",
    "description": "The Israeli, Tavor MTAR-21 bullpup assault rifle has a long-stroke, gas operated piston system like that of an AK-47.  A reliable weapon, it has replaced the M-16 by Israeli Defence Forces and is used by military and police forces around the world.",
    "weight": 2950,
    "volume": 8,
    "price": 185000,
    "to_hit": -1,
    "bashing": 12,
    "material": [ "steel", "plastic" ],
    "symbol": "(",
    "color": "brown",
    "ammo": "223",
    "dispersion": 30,
    "sight_dispersion": 60,
    "recoil": -60,
    "durability": 9,
    "burst": 10,
    "valid_mod_locations": [ [ "accessories", 4 ], [ "barrel", 1 ], [ "bore", 1 ], [ "grip", 1 ], [ "mechanism", 4 ], [ "muzzle", 1 ], [ "rail", 1 ], [ "sights", 1 ], [ "stock", 1 ], [ "underbarrel", 1 ]
    ],
    "magazine_well": 1,
    "magazines": [
      [ "223", [ "transmag", "stanag30", "stanag10", "stanag50", "223betacmag", "survivor223mag" ] ],
      [ "9mm", [ "uzimag", "9mmbetacmag" ] ],
      [ "762", [ "akmmag", "akmbigmag" ] ]  
    ]
  },
  {
    "id": "wa2000",
    "//": "I hestitated to include this since only 15 were ever imported to the US, but...",
    "copy-from": "rifle_manual",
    "type": "GUN",
    "name": "Walther WA 2000",
    "description": "The Walther WA 2000 is a semi-automatic bullpup sniper rifle operated with a short stroke gas piston and a rotating locking bolt.",
    "weight": 6462,
    "volume": 6,
    "price": 7500000,
    "to_hit": -1,
    "bashing": 12,
    "material": [ "steel", "wood" ],
    "symbol": "(",
    "color": "brown",
    "ammo": "300",
    "range": 20,
    "ranged_damage": 2,
    "dispersion": 0,
    "sight_dispersion": 45,
    "recoil": -260,
    "durability": 9,
    "default_mods": [ "muzzle_brake", "bipod", "rifle_scope" ],
    "valid_mod_locations": [ [ "accessories", 4 ], [ "barrel", 1 ], [ "bore", 1 ], [ "mechanism", 4 ], [ "muzzle", 1 ], [ "sights", 1 ], [ "underbarrel", 1 ] 
    ],
    "magazine_well": 1,
    "magazines": [
      [ "300", [ "300r4mag" ] ],
      [ "308", [ "308r5mag" ] ]
    ]
  }
]