[
  {
    "type" : "item_group",
    "id" : "guns_rifle_milspec",
    "//": "HOTFIX.",
    "items": [
      [ "hk_g36", 60 ],
      [ "m2010", 30 ]
    ]
  },
  {
    "type" : "item_group",
    "id" : "mags_swat",
    "items": [
      [ "308steyrmag5", 15 ]
    ]
  },
  {
    "type" : "item_group",
    "id" : "mags_milspec",
    "items": [
      [ "transmag", 60 ],
      [ "223betacmag", 15 ],
      [ "308betacmag", 15 ],
      [ "308steyrmag10", 15 ],
      [ "223ak74mag10", 20 ],
      [ "223ak74mag30", 20 ],
      [ "223ak74mag35", 20 ],
      [ "308ak74mag25", 20 ]
    ]
  }, 
  {
    "type" : "item_group",
    "id" : "ammo_rifle_common",
    "items": [
      [ "henry", 30 ],
      [ "marlin_1894", 30 ],
      [ "marlin_1894c", 30 ],
      [ "marlin_336", 30 ],
      [ "464spx", 30 ],
      [ "ruger_m77", 30 ]
    ]
  },  
  {
    "type" : "item_group",
    "id" : "guns_rifle_rare",
    "items": [
      [ "steyr_ssg69", 30 ]
    ]
  },  
  {
    "type" : "item_group",
    "id" : "guns_rifle_milspec",
    "items": [
      [ "r93t2Pack", 10 ],
      [ "ameli", 20 ],
      [ "enfield_l85a2", 20 ],
      [ "mdr", 35 ],
      [ "bfg50carb", 35 ],
      [ "bfg50a", 20 ],
      [ "fad", 20 ],
      [ "fx_05", 50 ],
      [ "mtar21", 40 ]
    ]
  },
  {
    "type" : "item_group",
    "id" : "guns_rifle_obscure",
    "items": [
      [ "norinco56_1", 40 ],
      [ "norinco56_2", 60 ],
      [ "saiga_mk3", 50 ],
      [ "wa2000", 5 ]
    ]
  },
  {
    "type" : "item_group",
    "id" : "guns_swat",
    "items": [
      [ "ar57", 30 ],
      [ "steyr_ssg69", 5 ]
    ]
  } 
]