[
  {
    "id": "223ak74mag10",
    "type": "MAGAZINE",
    "name": ".223 AK74 10 rd magazine",
    "description": "A AK74 style magazine designed for .223 ammuntion, made of steel-reinforced polymer.  Holds 10 rounds.",
    "weight": 230,
    "volume": 1,
    "price": 2000,
    "material": [ "steel", "plastic" ],
    "symbol": "#",
    "color": "ltgray",
    "ammo_type": "223",
    "capacity": 10,
    "reliability": 7,
    "flags": [ "MAG_COMPACT" ]
  },
  {
    "id": "223ak74mag30",
    "copy-from": "223ak74mag10",
    "type": "MAGAZINE",
    "name": ".223 AK74 30 rd magazine",
    "description": "A AK74 style magazine designed for .223 ammuntion, made of steel-reinforced polymer.  Holds 30 rounds.",
    "weight": 235,
    "volume": 2,
    "price": 3000,
    "capacity": 30,
    "flags": [ "MAG_COMPACT" ]
  },
  {
    "id": "308ak74mag25",
    "type": "MAGAZINE",
    "name": ".308 AK74 25 rd magazine",
    "description": "A AK74 style magazine designed for .308 ammuntion, made of steel-reinforced polymer.  Holds 25 rounds.",
    "weight": 237,
    "volume": 2,
    "price": 4000,
    "material": [ "steel", "plastic" ],
    "symbol": "#",
    "color": "ltgray",
    "ammo_type": "308",
    "capacity": 25,
    "reliability": 7,
    "flags": [ "MAG_COMPACT" ]
  },
  {
    "id": "223ak74mag35",
    "copy-from": "223ak74mag10",
    "type": "MAGAZINE",
    "name": ".223 Galil 35 rd magazine",
    "description": "A AK74 style magazine designed for .223 ammuntion, made of steel-reinforced polymer.  Holds 30 rounds.",
    "weight": 235,
    "volume": 2,
    "price": 3000,
    "capacity": 30,
    "flags": [ "MAG_COMPACT" ]
  },  
  {
    "id": "300r4mag",
    "type": "MAGAZINE",
    "name": ".300 tactical magazine",
    "description": "A 4-round box magazine typically used by sniper rifles",
    "weight": 78,
    "volume": 1,
    "price": 24000,
    "material": "plastic",
    "symbol": "#",
    "color": "ltgray",
    "ammo_type": "300",
    "//": "Capacity should be 4 but I added one to represent one in the chamber.",
    "capacity": 5,
    "reliability": 9,
    "flags": [ "MAG_COMPACT" ]
  },
   {
    "id": "223r5mag",
    "type": "MAGAZINE",
    "name": ".223 tactical magazine",
    "description": "A 5-round box magazine typically used by sniper rifles.",
    "weight": 78,
    "volume": 1,
    "price": 23500,
    "material": "plastic",
    "symbol": "#",
    "color": "ltgray",
    "ammo_type": "223",
    "//": "Capacity should be 5 but I added one to represent one in the chamber.",
    "capacity": 6,
    "reliability": 9,
    "flags": [ "MAG_COMPACT" ]
  },
  {
    "id": "308r5mag",
    "type": "MAGAZINE",
    "name": ".308 tactical magazine",
    "description": "A 5-round box magazine typically used by sniper rifles.",
    "weight": 78,
    "volume": 1,
    "price": 23500,
    "material": "plastic",
    "symbol": "#",
    "color": "ltgray",
    "ammo_type": "308",
    "//": "Capacity should be 5 but I added one to represent one in the chamber.",
    "capacity": 6,
    "reliability": 9,
    "flags": [ "MAG_COMPACT" ]
  },
  {
    "id": "308steyrmag5",
    "type": "MAGAZINE",
    "name": ".308 Steyr 5 rd magazine",
    "description": "A Steyr, 5 rd, rotary magazine, made for .308 ammuntion, with a transparent back.",
    "weight": 110,
    "volume": 1,
    "price": 6000,
    "material": [ "plastic" ],
    "symbol": "#",
    "color": "ltgray",
    "ammo_type": "308",
    "//": "Capacity should be 5 but I added one to represent one in the chamber.",
    "capacity": 6,
    "reliability": 8,
    "flags": [ "MAG_COMPACT" ]
  },
  {
    "id": "308steyrmag10",
    "type": "MAGAZINE",
    "name": ".308 Steyr 10 rd magazine",
    "description": "A Steyr, 5 rd, staggered magazine, made for .308 ammuntion, with a transparent back.",
    "weight": 115,
    "volume": 1,
    "price": 22000,
    "material": [ "plastic" ],
    "symbol": "#",
    "color": "ltgray",
    "ammo_type": "308",
    "//": "Capacity should be 10 but I added one to represent one in the chamber.",
    "capacity": 11,
    "reliability": 8,
    "flags": [ "MAG_COMPACT" ]
  },  
  {
    "id": "transmag",
    "copy-from": "stanag30",
    "type": "MAGAZINE",
    "name": "Translucent STANAG magazine",
    "description": "A 30 round STANAG-compliant magazine for rifles that utilize .223 or 5.56x45mm ammunition.",
    "weight": 280,
    "material": "plastic"
  },
  {
    "id": "223betacmag",
    "type": "MAGAZINE",
    "//": "See https://en.wikipedia.org/wiki/Beta_C-Mag.",
    "name": ".223 Beta-C dual drum magazine",
    "description": "A 100 round STANAG-compliant magazine for assault rifles that utilize the .233 round or similar ammunition.",
    "weight": 900,
    "volume": 6,
    "price": 8000,
    "material": "steel",
    "symbol": "#",
    "color": "ltgray",
    "ammo_type": "223",
    "capacity": 100,
    "reliability": 7,
    "reload_time": 300,
    "flags": [ "MAG_BULKY" ]
  },
  {
    "id": "308betacmag",
    "copy-from": "223betacmag",
    "type": "MAGAZINE",
    "//": "See https://en.wikipedia.org/wiki/Beta_C-Mag.",
    "name": ".308 Beta-C dual drum magazine",
    "description": "A 100 round magazine for assault rifles that utilize the .308 round or similar ammunition.",
    "weight": 910,
    "ammo_type": "308"
  },
  {
    "id": "308x_14mag50",
    "type": "MAGAZINE",
    "name": ".308 X-14 50 rd drum magazine",
    "description": "A 50 round drum magazine designed for .308 ammuntion, made of steel-reinforced polymer.  Compatible with M1A and M14 rifles.",
    "weight": 1088.6,
    "volume": 4,
    "price": 30000,
    "material": [ "steel" ],
    "symbol": "#",
    "color": "ltgray",
    "ammo_type": "308",
    "capacity": 50,
    "reliability": 7,
    "flags": [ "MAG_BULKY" ]
  }  
]