[
  {
    "result": "3030_win",
    "type": "uncraft",
    "skill_used": "gun",
    "difficulty": 5,
    "time": 500,
    "tools": [ [ [ "puller", -1 ] ] ],
    "components": [
      [ [ "lead", 2 ] ],
      [ [ "3030_casing", 1 ] ],
      [ [ "smrifle_primer", 1 ] ],
      [ [ "gunpowder", 3 ] ]
    ],
    "flags": [ "UNCRAFT_SINGLE_CHARGE" ]
  },
  {
    "result": "357_magn",
    "type": "uncraft",
    "skill_used": "gun",
    "difficulty": 5,
    "time": 500,
    "tools": [ [ [ "puller", -1 ] ] ],
    "components": [
      [ [ "lead", 2 ] ],
      [ [ "357_casing", 1 ] ],
      [ [ "smpistol_primer", 1 ] ],
      [ [ "gunpowder", 3 ] ]
    ],
    "flags": [ "UNCRAFT_SINGLE_CHARGE" ]
  }
]