[
  {
    "id": "3030_win",
    "type": "AMMO",
    "name": ".30-30 Winchester",
    "name_plural": ".30-30 Winchester",
    "description": "At short-range, with considerably lower recoil than a .3006, the .30-30 Winchester is very popular with hunters of deer, black bear, and even moose.  Its 150gr round-nose cartridge is well suited for the tubular magazines of lever-action rifles.",
    "weight": 20,
    "volume": 1,
    "price": 1000,
    "material": [ "steel", "powder" ],
    "symbol": "=",
    "color": "yellow",
    "count": 20,
    "stack_size": 20,
    "ammo_type": "3030",
    "casing": "3030_casing",
    "range": 36,
    "damage": 54,
    "pierce": 1,
    "dispersion": 15,
    "recoil": 300,
    "effects": [ "COOKOFF" ]
  },
  {
    "type" : "AMMO",
    "id" : "reloaded_3030_win",
    "name" : "reloaded .30-30 Winchester",
    "name_plural" : "reloaded .30-30 Winchester",
    "description" : "At short-range, with considerably lower recoil than a .3006, the .30-30 Winchester is very popular with hunters of deer, black bear, and even moose.  Its 150gr round-nose cartridge is well suited for the tubular magazines of lever-action rifles.  This one has been hand-reloaded.",
    "weight" : 15,
    "volume" : 1,
    "price": 850,
    "material" : ["steel", "powder"],
    "symbol": "=",
    "color": "yellow",
    "count" : 20,
    "stack_size": 20,
    "ammo_type" : "3030",
    "casing" : "3030_casing",
    "range" : 35,
    "damage" : 50,
    "pierce" : 1,
    "dispersion" : 25,
    "recoil" : 300,
    "effects" : [ "COOKOFF", "RECYCLED" ]
  },
  {
    "id": "357_magn",
    "copy-from": "38_special",
    "type": "AMMO",
    "name": ".357 Magnum",
    "name_plural": ".357 Magnum",
    "description": "The high velocity and high energy .357 Magnum, with 158gr JHP in an elongated .38 Special cartridge, was developed in the 1930s.  Renown for its stopping power, the .357 is easily capable of bringing down medium to large game.",
    "weight" : 8,
    "price": 2250,
    "material": [ "steel", "powder" ],
    "ammo_type": "357",
    "casing": "357_casing",   
    "relative": {
      "range" : 2,
      "damage": 10,
      "pierce": 4,
      "recoil": 95
    }
  },
  {
    "type" : "AMMO",
    "id" : "reloaded_357_magn",
    "name" : "reloaded .357 Magnum",
    "name_plural" : "reloaded .357 Magnum",
    "description" : "The high velocity and high energy .357 Magnum, with 125gr JHP in an elongated .38 Special cartridge, was developed in the 1930s.  Renown for its stopping power, the .357 is easily capable of bringing down medium to large game.  This one has been hand-reloaded.",
    "weight" : 10,
    "volume" : 1,
    "price": 2550,
    "material" : ["steel", "powder"],
    "symbol" : "=",
    "color" : "yellow",
    "count" : 20,
    "stack_size": 40,
    "ammo_type" : "357",
    "casing" : "357_casing",
    "damage" : 28,
    "pierce" : 3,
    "range" : 16,
    "dispersion" : 145,
    "recoil" : 220,
    "effects" : [ "COOKOFF", "RECYCLED" ]
  }  
]