[
  {
    "id": "apc9",
    "copy-from": "smg_base",
    "type": "GUN",
    "name": "APC-9",
    "description": "The Brügger & Thomet Advanced Police Carbine 9 has a square closed bolt and is a low recoil straight blowback operated submachine gun.",
    "weight": 2675,
    "volume": 6,
    "price": 329500,
    "to_hit": -1,
    "bashing": 12,
    "material": [ "aluminum", "steel" ],
    "ammo": "9mm",
    "range": 1,
    "ranged_damage": 1,
    "dispersion": 25,
    "sight_dispersion": 60,
    "recoil": -45,
    "durability": 8,
    "burst": 10,
    "default_mods": [ "pistol_grip", "red_dot_sight", "grip", "fold_adjust_stock" ],	
    "valid_mod_locations": [ [ "accessories", 4 ], [ "barrel", 1 ], [ "bore", 1 ], [ "grip", 1 ], [ "mechanism", 4 ], [ "muzzle", 1 ], [ "rail", 1 ], [ "sights", 1 ], [ "stock", 1 ], [ "underbarrel", 1 ] 
    ],
    "magazine_well": 1,
    "magazines": [
      [ "9mm", [ "nato9mag", "m9bigmag", "m9mag", "9mmbetacmag" ] ],
      [ "45", [ "usp45mag", "ump45mag" ] ],
      [ "223", [ "transmag", "stanag30", "stanag10", "stanag50", "223betacmag", "survivor223mag" ] ]
    ]
  },
  {
    "id": "coltsmg",
    "copy-from": "smg_base",
    "type": "GUN",
    "name": "M635",
    "description": "The Colt SMG has a closed bolt action that is blowback operated.  Essentially, it is a M16 factory modified submachine gun.",
    "weight": 2610,
    "volume": 6,	
    "price": 220000,
    "to_hit": -2,
    "bashing": 10,
    "material": [ "steel", "plastic" ],
    "ammo": "9mm",
    "range": 1,
    "ranged_damage": 2,
    "dispersion": 200,
    "sight_dispersion": 90,	
    "recoil": 0,
    "durability": 7,
    "burst": 16,
    "valid_mod_locations": [ [ "accessories", 3 ], [ "barrel", 1 ], [ "bore", 1 ], [ "grip", 1 ], [ "mechanism", 4 ], [ "muzzle", 1 ], [ "rail", 1 ], [ "sights", 1 ], [ "stock", 1 ], [ "underbarrel", 1 ] ],
    "magazines": [
      [ "9mm", [ "uzimag", "9mmbetacmag" ] ],
      [ "22", [ "ruger1022bigmag", "ruger1022mag" ] ]
    ]
  },
  {
    "id": "cbj_ms",
    "copy-from": "smg_base",
    "type": "GUN",
    "name": "CBJ-MS",
    "//": "This smg has a hollow foregrip that can hold a spare magazine - would be nice to figure how to do that.  Also, it fires a 6.5x25mm cartridge and is the only weapon to do so.  I will not include this as a new ammo type at this time.  See modern_smg_magazine.json-9mmcbjmag",
    "description": "From Sweden, the Saab Bofors Dynamics CBJ-MS is a personal defense weapon, blowback-operated, with a retractable wire frame buttstock.",
    "weight": 2800,
    "volume": 5,	
    "price": 33000,
    "to_hit": -2,
    "bashing": 10,
    "material": [ "steel", "aluminum" ],
    "ammo": "9mm",
    "dispersion": 230,
    "sight_dispersion": 90,	
    "recoil": 25,
    "durability": 7,
    "modes": [
      [ "DEFAULT", "semi-auto", 1 ],
      [ "BURST", "4 rd.", 4 ],
      [ "AUTO", "auto", 10 ]
    ],
    "default_mods": [ "grip" ],
    "valid_mod_locations": [ [ "accessories", 3 ], [ "barrel", 1 ], [ "bore", 1 ], [ "grip", 1 ], [ "mechanism", 4 ], [ "muzzle", 1 ], [ "rail", 1 ], [ "sights", 1 ], [ "stock", 1 ], [ "underbarrel", 1 ] ],
    "magazine_well": 1,
    "magazines": [
      [ "9mm", [ "9mmcbjmag" ], [ "nato9mag" ] ]
    ]
  },  
  {
    "id": "stkcpw",
    "copy-from": "smg_base",
    "type": "GUN",
    "name": "STK CPW",
    "description": "From Singapore Technologies Kinetics, the Compact Personal Weapon is lever delayed blowback operated, and was developed to be carried by support troops and security personnel.",
    "weight": 1700,
    "volume": 4,	
    "price": 120000,
    "to_hit": -2,
    "bashing": 10,
    "material": [ "aluminum", "steel", "plastic" ],
    "ammo": "9mm",
    "dispersion": 250,
    "sight_dispersion": 180,	
    "recoil": 0,
    "durability": 7,
    "burst": 20,
    "valid_mod_locations": [ [ "accessories", 3 ], [ "barrel", 1 ], [ "bore", 1 ], [ "grip", 1 ], [ "mechanism", 4 ], [ "muzzle", 1 ], [ "rail", 1 ], [ "sights", 1 ], [ "stock", 1 ], [ "underbarrel", 1 ] ],
    "magazine_well": 1,
    "magazines": [
      [ "9mm", [ "nato9mag", "m9mag", "m9bigmag", "9mmbetacmag" ] ],
      [ "46", [ "hk46mag", "hk46bigmag" ] ],
      [ "57", [ "fnp90mag" ] ]
    ]
  },
  {
    "id": "sterling4",
    "copy-from": "smg_base",
    "type": "GUN",
    "name": "Sterling Mk.4",
    "description": "The Sterling L2A3 (Mk.4) is a open bolt, blowback operated submachine gun with a side-loading magazine.",
    "weight": 2500,
    "volume": 6,
    "price": 120000,
    "to_hit": -1,
    "bashing": 12,
    "material": [ "plastic", "steel" ],
    "ammo": "9mm",
    "range": 6,
    "ranged_damage": 2,
    "dispersion": 35,
    "sight_dispersion": 60,
    "recoil": -95,
    "durability": 9,
    "burst": 6,
    "default_mods": [ "folding_stock" ],	
    "valid_mod_locations": [ [ "accessories", 4 ], [ "grip", 1 ], [ "mechanism", 4 ], [ "muzzle", 1 ], [ "rail", 1 ], [ "sights", 1 ], [ "stock", 1 ] 
    ],
    "magazines": [
      [ "9mm", [ "sterlingmag", "stenmag" ] ]
    ]
  }  
]