[
  {
    "type" : "item_group",
    "id" : "mags_smg_rare",
    "items": [
      [ "9mmbetacmag", 25 ],
      [ "9mmcbjmag", 15 ],
      [ "nato9mag", 40 ],
      [ "sterlingmag", 20 ]
    ]
  },
  {
    "type" : "item_group",
    "id" : "guns_smg_milspec",
    "items": [
      [ "coltsmg", 100 ],	  
      [ "cbj_msPack", 20 ],
      [ "stkcpw", 100 ],
      [ "sterling4", 65 ]
    ]
  },
  {
    "type": "item_group",
    "id": "guns_swat",
    "items": [
      [ "apc9", 15 ]
    ]
  }  
]