[
  {
    "id": "9mmbetacmag",
    "copy-from": "223betacmag",
    "type": "MAGAZINE",
    "name": "Beta-C dual drum 9x19mm 100 round magazine",
    "description": "A 100 round magazine for assault rifles that utilize the 19mm round or similar ammunition.",
    "ammo_type": "9mm"
  },
  {
    "id": "9mmcbjmag",
    "copy-from": "223betacmag",
    "type": "MAGAZINE",
    "name": "CBJ-MS 9x19mm 100 round drum",
    "description": "A single drum 100 round magazine for the CBJ_MS PDW.",
    "//": "The 6.5x25mm cartridge can be fired in a 9mm mag, however not vice-versa.  This mag is actually only for the 6.5x25mm cartridge but since the CBJ-MS is the only weapon that fires that cartridge I'm going to skirt realism and change it to accept the 9mm cartridge. See modern_smg.json-cbj_ms",
    "volume": 3,
    "ammo_type": "9mm"
  },  
  {
    "id": "nato9mag",
    "type": "MAGAZINE",
    "name": "9mm NATO magazine",
    "description": "A standard 30-round, translucent plastic, box magazine for submachine guns.",
    "weight": 180,
    "volume": 2,
    "price": 4000,
    "material": "plastic",
    "symbol": "#",
    "color": "ltgray",
    "ammo_type": "9mm",
    "capacity": 30,
    "reliability": 8,
    "flags": [ "MAG_COMPACT" ]
  },
  {
    "id": "sterlingmag",
    "type": "MAGAZINE",
    "name": "Sterling L2A3 magazine",
    "description": "A 34 round capacity mag for the Sterling submachine gun. It is slightly curved, double-stacked, with twin rollers for positive feeding.",
    "weight": 255,
    "volume": 2,
    "price": 3500,
    "material": "steel",
    "symbol": "#",
    "color": "ltgray",
    "ammo_type": "9mm",
    "capacity": 30,
    "reliability": 9,
    "flags": [ "MAG_COMPACT" ]
  }  
]