[
  {
    "id": "gl_06",
    "copy-from": "launcher_base",
    "type": "GUN",
    "name": "GL06 stand alone launcher",
    "description": "Brügger & Thomet GL06 grenade launcher is one of the most accurate launchers available.  It features vertical loading with a foldong buttstock and detachable forward grip.",
    "weight": 2050,
    "volume": 3,
    "//": "Airsoft launcher as low as $99.00 (lol). Can't find a price on the internet, so I made it proportionate to other in-game launchers.",
    "price": 450000,
    "to_hit": -3,
    "bashing": 6,
    "material": [ "aluminum", "steel" ],
    "symbol": "(",
    "ammo": "40mm",
    "dispersion": 45,
    "sight_dispersion": 45,
    "recoil": 10,
    "durability": 9,
    "clip_size": 1,
    "reload": 150,
    "built_in_mods": [ "folding_stock" ],
    "default_mods": [ "grip" ],
    "valid_mod_locations": [ [ "accessories", 2 ], [ "barrel", 1 ], [ "sights", 1 ], [ "stock", 1 ], [ "underbarrel", 2 ]
    ]
  },
  {
    "id": "rgm40",
    "copy-from": "launcher_base",
    "type": "GUN",
    "name": "RGM-40 Kastet",
    "description": "The RGM-40 Kastet light grenade launcher is intended to be used by law enforcement agencies for anti-riot control but can also be used to engage other targets.  It is muzzle-loaded, has a self-cocking trigger mechanism, an AK style pistol grip, and extendable buttstock.",
    "weight": 2500,
    "volume": 3,
    "//": "Could not find a price on the internet, so I made it proportionate to other in-game launchers.",
    "price": 300000,
    "to_hit": -3,
    "bashing": 6,
    "material": [ "aluminum", "steel" ],
    "symbol": "(",
    "ammo": "40mm",
    "dispersion": 45,
    "sight_dispersion": 45,
    "recoil": 10,
    "durability": 9,
    "clip_size": 1,
    "reload": 150,
    "valid_mod_locations": [ [ "accessories", 2 ], [ "barrel", 1 ], [ "sights", 1 ], [ "stock", 1 ]
    ]
  } 
]