[
  {
    "id": "amthard",
    "copy-from": "m1911",
    "type": "GUN",
    "name": "AMT Longslide Hardballer",
    "description": "A brushed stainless steel .45 patterned after the Colt M1911 with a seven inch barrel.",
    "weight": 1036,
    "material": [ "steel" ],
    "range": 1,
    "ranged_damage": 1,	
    "relative": {
      "dispersion": -90,
      "recoil": 75
    },
    "durability": 8,
    "magazines": [
      [ "45", [ "m1911mag", "m1911bigmag" ] ]
    ]
  },
  {
    "id": "stechkin",
    "copy-from": "pistol_base",
    "type": "GUN",
    "name": "APB Stechkin",
    "description": "The Russian, APB Stechkin, or Avtomaticheskij Pistolet Besshumnyj, is a Cold War era, double action, automatic machine pistol used by Spetsnaz special forces.",
    "weight": 1020,
    "volume": 2,	
    "price": 300000,
    "to_hit": -2,
    "bashing": 7,
    "material": [ "steel", "wood" ],
    "ammo": "9x18",
    "ranged_damage": -1,
    "dispersion": 225,
    "sight_dispersion": 90,	
    "recoil": 50,
    "durability": 6,
    "burst": 3,	
    "default_mods": [ "suppressor_compact" ],
    "magazine_well": 1,	
    "magazines": [
      [ "9x18", [ "stechkinmag" ] ]
    ]
  },
  {
    "id": "strike_one",
    "copy-from": "pistol_base",
    "type": "GUN",
    "name": "Strike One",
    "description": "Of Italian design, the Arsenal Firearms Strike One is a short recoil operated, hammerless striker-fired, semi-automatic pistol.",
    "weight": 700,
    "volume": 3,	
    "price": 119900,
    "to_hit": -2,
    "bashing": 12,
    "material": [ "steel", "plastic" ],
    "ammo": "9mm",
    "dispersion": 90,
    "sight_dispersion": 90,
    "recoil": 60,
    "durability": 7,
    "magazine_well": 1,
    "magazines": [
        [ "9mm", [ "strike9mm_mag" ] ],
        [ "40", [ "strike40_mag" ] ]
    ]
  },  
  {
    "id": "automag",
    "copy-from": "pistol_base",
    "type": "GUN",
    "name": "AutoMag",
    "//": "This weapon can easily change barrels due to its independent front sight (and vent ribs,) but since retool mods are IRREMOVABLE this cannot be accurately represented.",
    "description": "The AutoMag is easily recognizable because of a distinctive vented rib along its barrel.  It has a recoil operated, locking rotary bolt similar to many rifles, and is a highly regarded semi-automatic pistol.",
    "weight": 1620,
    "volume": 3,	
    "price": 182500,
    "to_hit": -2,
    "bashing": 12,
    "material": [ "steel", "wood" ],
    "ammo": "44",
    "ranged_damage": -1,
    "dispersion": 200,
    "sight_dispersion": 90,
    "recoil": 100,
    "durability": 8,
    "magazine_well": 1,
    "magazines": [
        [ "44", [ "deaglemag" ] ],
        [ "357", [ "357_mag" ] ],
        [ "45", [ "m1911mag", "m1911bigmag" ] ],
        [ "38", [ "taurus38mag" ] ]
    ]
  },
  {
    "id": "beretta93r",
    "copy-from": "pistol_base",
    "type": "GUN",
    "name": "Beretta 93R",
    "//": "Unable to include the integrated forward pistol-grip because it is a pistol.",
    "description": "The Beretta 93 Raffica machine pistol used by Italian counter-terrorism police and military forces.",
    "weight": 1170,
    "volume": 2,	
    "price": 500000,
    "to_hit": -2,
    "bashing": 9,
    "material": [ "steel", "plastic" ],
    "ammo": "9mm",
    "ranged_damage": 1,
    "dispersion": 225,
    "sight_dispersion": 90,	
    "recoil": 100,
    "durability": 6,
    "burst": 3,	
    "magazine_well": 1,	
    "magazines": [
      [ "9mm", [ "glockmag", "glockbigmag" ] ]
    ]
  },
  {
    "id": "browning_hp",
    "copy-from": "pistol_base",
    "type": "GUN",
    "name": "Browning HP",
    "description": "The Browning Hi Power, introduced in 1935, has been a widely used military service sidearm for many countries.  It is a single action, recoil operated pistol.",
    "weight": 900,
    "volume": 2,	
    "price": 115000,
    "to_hit": -2,
    "bashing": 9,
    "material": [ "plastic", "steel" ],
    "ammo": "9mm",
    "range": -2,
    "ranged_damage": 1,
    "dispersion": 150,
    "sight_dispersion": 90,	
    "recoil": 120,
    "durability": 8,	
    "magazine_well": 1,	
    "magazines": [
      [ "9mm", [ "hp9mm_mag" ] ],
      [ "40", [ "hp40mag" ] ]
    ]
  },
  {
    "id": "m45a1",
    "copy-from": "m1911",
    "type": "GUN",
    "name": "Colt USMC M45A1 CQBP",
    "description": "The US Marine Corp standard-issue side arm, this single action, recoil operated, semi-automatic Close Quarter Battle Pistol is a M1911-style handgun with a sand-tan finish.",
    "weight": 1150,	
    "price": 155000,
    "material": [ "steel", "wood" ],	
    "relative": {
      "dispersion": -30,
      "recoil": -50
    },
    "magazines": [
      [ "45", [ "m1911mag", "m1911bigmag" ] ]
    ]
  },
  {
    "id": "coonan357",
    "copy-from": "pistol_base",
    "type": "GUN",
    "name": "Coonan .357 Magnum Automatic",
    "description": "The Coonan Compensated .357 Magnum is a recoil operated, m1911-style automatic pistol of high quality.",
    "weight": 1004,
    "volume": 2,	
    "price": 202000,
    "to_hit": -2,
    "bashing": 12,
    "material": [ "steel", "wood" ],
    "ammo": "357",
    "ranged_damage": 2,
    "dispersion": 30,
    "sight_dispersion": 60,	
    "recoil": 0,
    "durability": 9,	
    "magazine_well": 1,	
    "magazines": [
      [ "357", [ "357_mag" ] ]
    ],
    "default_mods": [ "muzzle_brake" ]
  }, 
  {
    "id": "hk45t",
    "copy-from": "pistol_base",
    "type": "GUN",
    "name": "H&K 45T",
    "description": "The Heckler & Koch 45 Tactical was intended to replace the Berreta M9 as the standard US Military service weapon in the Joint Combat Pistol program which was suspended due to budgetary contraints.  It is a double-action pistol, short-recoil operated, using modified Browning-type locking system and tilting barrel.",
    "weight": 785,
    "volume": 2,	
    "price": 122500,
    "to_hit": -2,
    "bashing": 9,
    "material": [ "steel", "plastic" ],
    "ammo": "45",
    "ranged_damage": 1,
    "dispersion": 110,
    "sight_dispersion": 90,	
    "recoil": 80,
    "durability": 8,	
    "magazine_well": 1,	
    "magazines": [
      [ "45", [ "m1911bigmag" ] ]		
    ]
  },
  {
    "id": "hk45ct",
    "copy-from": "hk45t",
    "type": "GUN",
    "name": "H&K 45CT",
    "//": "There's only a slight difference between this gun and the HK 45T.",
    "description": "The Heckler & Koch 45 Compact Tactical is a double-action pistol, short-recoil operated, using modified Browning-type locking system and tilting barrel.",
    "weight": 717,
    "volume": 1,
    "recoil": 90,
    "magazines": [
      [ "45", [ "m1911mag" ] ]		
    ]
  }, 
  {
    "id": "henry_mares_leg",
    "type": "GUN",
    "name": "Mare's Leg",
    "description": "The Henry Lever Action Mare's Leg has an octogon barrel with brass barrel bands and a brass receiver plate.  Classified as a pistol in the US, this is a cut-down version of a full sized rifle.",
    "weight": 2626,
    "volume": 6,
    "price": 97500,
    "to_hit": -1,
    "bashing": 12,
    "material": [ "steel", "wood" ],
    "symbol": "(",
    "color": "brown",
    "ammo": "45",
    "skill": "pistol",
    "range": -5,
    "ranged_damage": 5,
    "dispersion": 30,
    "sight_dispersion": 120,
    "recoil": 0,
    "durability": 7,
    "clip_size": 5,
    "modes": [ [ "DEFAULT", "semi-auto", 1 ] ],
    "valid_mod_locations": [ [ "accessories", 4 ], [ "barrel", 1 ], [ "bore", 1 ], [ "grip", 1 ], [ "mechanism", 4 ], [ "muzzle", 1 ], [ "rail", 1 ], [ "sights", 1 ], [ "stock", 1 ]
    ],
    "flags": "RELOAD_ONE"
  },  
  {
    "id": "hs_semi",
    "copy-from": "pistol_base",
    "type": "GUN",
    "name": "High Standard Semi-Automatic",
    "description": "A US Military, WWII era, target pistol for competition.",
    "weight": 1304,
    "volume": 2,	
    "price": 50000,
    "to_hit": -2,
    "bashing": 7,
    "material": [ "steel", "plastic" ],	
    "ammo": "22",	
    "dispersion": 90,
    "sight_dispersion": 60,	
    "recoil": 45,
    "durability": 6,
    "magazine_well": 1,
    "magazines": [ 
      [ "22", [ "22mag", "sw22mag" ] ]
    ],
    "valid_mod_locations": [ [ "accessories", 2 ], [ "grip", 1 ], [ "mechanism", 4 ], [ "sights", 1 ], [ "stock", 1 ], [ "underbarrel", 1 ]
    ]	
  },
  {
    "id": "hshdm",
    "copy-from": "hs_semi",
    "type": "GUN",
    "name": "High Standard HDM",
    "description": "An OSS, US Special Operations Forces, and CIA pistol common between 1942-1951.  It is still found, today, in United States inventories.",
    "price": 100000,
    "ammo": "22",
    "ranged_damage": -1,	
    "dispersion": 60,
    "sight_dispersion": 45,
	"default_mods": [ "suppressor_compact" ]
  },
  {
    "id": "hsdeluxe",
    "copy-from": "pistol_revolver",
    "type": "GUN",
    "name": "High Standard Deluxe",
    "description": "A common .22 revolver loved for its dependability and comfortable grip.",
    "weight": 1304,
    "volume": 2,	
    "price": 25000,
    "to_hit": -2,
    "bashing": 7,
    "material": [ "steel", "plastic" ],	
    "ammo": "22",
    "ranged_damage": -1,	
    "dispersion": 90,
    "sight_dispersion": 90,	
    "recoil": 45,
    "durability": 6,
    "clip_size": 9
  },
  {
    "id": "kahr_k9",
    "copy-from": "pistol_base",
    "type": "GUN",
    "name": "Kahr K9",
    "description": "A popular concealed carry option for law enforcement officers, the Kahr K9 is a double action only, compact semi-automatic of solid steel construction with polymer grips.",
    "weight": 654,
    "volume": 1,	
    "price": 88000,
    "to_hit": -2,
    "bashing": 7,
    "material": [ "steel" ],
    "ammo": "9mm",
    "dispersion": 140,
    "sight_dispersion": 90,
    "recoil": 60,
    "durability": 7,
    "magazine_well": 1,
    "magazines": [
        [ "9mm", [ "ccw9mm_mag" ] ],
        [ "40", [ "ccw40mag" ] ]
    ]
  },  
  {
    "id": "nibelungen",
    "copy-from": "pistol_revolver",
    "type": "GUN",
    "name": "Korth Nibelungen",
    "description": "Made with cold forged Damascus steel, the Korth Nibelungen is at the pinnacle of German precision engineering.",
    "weight": 900,
    "volume": 3,
    "//": "This hefty price tag is no typo.",	
    "price": 3700000,
    "to_hit": -2,
    "bashing": 12,
    "material": [ "steel", "wood" ],	
    "ammo": "357",
    "range" : 2,
    "ranged_damage": 6,	
    "dispersion": 10,
    "sight_dispersion": 60,	
    "recoil": -110,
    "durability": 10,
    "clip_size": 6,
    "default_mods": [ "match_trigger", "tuned_mechanism", "improve_sights" ]
  }, 
  {
    "id": "korthcombat",
    "copy-from": "pistol_revolver",
    "type": "GUN",
    "name": "Korth Combat",
    "description": "This wheelgun is hand crafted with German precision engineering.  The Korth Combat is a double action work of art machined from the finest billet steel.",
    "weight": 860,
    "volume": 3,	
    "price": 700000,
    "to_hit": -2,
    "bashing": 12,
    "material": [ "steel", "wood" ],	
    "ammo": "357",
    "range" : 1,
    "ranged_damage": 2,	
    "dispersion": 25,
    "sight_dispersion": 60,	
    "recoil": -90,
    "durability": 9,
    "clip_size": 6,
    "default_mods": [ "match_trigger", "improve_sights" ]
  },
  {
    "id": "mr_73",
    "copy-from": "pistol_revolver",
    "type": "GUN",
    "name": "Manurhin MR 73",
    "description": "A double-action revolver from France, the Manurhin MR 73 was a standard issue firearm for the French Police Nationale and Gendarmerie Nationale.  Its performance, durability, and accuracy have reached a legendary status.",
    "weight": 670,
    "volume": 3,	
    "price": 70000,
    "to_hit": -2,
    "bashing": 12,
    "material": [ "steel", "wood" ],	
    "ammo": "357",
    "range" : 1,
    "ranged_damage": 4,	
    "dispersion": 10,
    "sight_dispersion": 60,	
    "recoil": -90,
    "durability": 10,
    "clip_size": 6,
    "default_mods": [ "match_trigger", "tuned_mechanism" ]
  },
  {
    "id": "rohrbaugh_r9s",
    "//": "It's a good weapon - for what it is.  But, in the zed-apoc and in the context of the game, it might not be the best choice of weapon to rely on because it's too weak to fire 9mm +P and +P+ without being damaged.  To reflect that, I reduced its durability.",
    "copy-from": "pistol_base",
    "type": "GUN",
    "name": "Rohrbaugh R9s",
    "description": "The Rohrbaugh R9s is a hammerless, compact semi-automatic.  Lightweight, double action, it is operated with a short recoil and a locking breech.",
    "weight": 380,
    "volume": 1,	
    "price": 88000,
    "to_hit": -2,
    "bashing": 6,
    "material": [ "steel", "aluminum" ],
    "ammo": "9mm",
    "range" : -4,
    "ranged_damage": 4,
    "dispersion": 120,
    "sight_dispersion": 110,
    "recoil": 160,
    "durability": 4,
    "magazine_well": 1,
    "magazines": [
        [ "9mm", [ "ccw9mm_mag" ] ]
    ]
  },  
  {
    "id": "sw_59",
    "copy-from": "pistol_base",
    "type": "GUN",
    "name": "S&W 59",
    "description": "The Smith & Wesson Model 59 double-action, semi-automatic pistol.",
    "weight": 840,
    "volume": 3,	
    "price": 70000,
    "to_hit": -2,
    "bashing": 8,
    "material": [ "steel", "plastic" ],    
    "ammo": "9mm",	
    "dispersion": 145,
    "sight_dispersion": 90,	
    "recoil": 110,
    "durability": 7,
    "magazine_well": 1,    
    "magazines": [
      [ "9mm", [ "sw9mm_mag" ] ]
    ]    
  },
  {
    "id": "sw_686",
    "copy-from": "pistol_revolver",
    "type": "GUN",
    "name": "S&W 686",
    "description": "The stainless steel Smith & Wesson Model 686 double-action revolver is a popular sidearm among several US law enforcement agencies and police.",
    "weight": 900,
    "volume": 3,	
    "price": 170000,
    "to_hit": -2,
    "bashing": 8,
    "material": [ "steel", "wood" ],	
    "ammo": "357",	
    "dispersion": 45,
    "sight_dispersion": 90,	
    "recoil": 90,
    "durability": 7,
    "clip_size": 6
  },  
  {
    "id": "vd01",
    "type": "GUN",
    "name": "Vörös-Danuvia VD-01",
    "description": "A Hungarian weapon, the Vörös-Danuvia Machine-Pistol VD-01 features a distinctive under-barrel cylindrical magazine forward the trigger guard.",
    "weight": 2000,
    "volume": 2,
    "price": 560000,
    "to_hit": -2,
    "bashing": 12,
    "material": [ "steel", "wood" ],
    "symbol": "(",
    "color": "dark_gray",
    "ammo": "9mm",
    "skill": "pistol",
    "range": 1,    
    "ranged_damage": 2,
    "dispersion": 75,	
    "sight_dispersion": 60,
    "recoil": 10,
    "durability": 9,
    "reload": 50,    
    "valid_mod_locations": [ [ "accessories", 1 ], [ "barrel", 1 ], [ "grip", 1 ], [ "mechanism", 4 ], [ "muzzle", 1 ], [ "rail", 1 ], [ "sights", 1 ], [ "stock", 1 ] 
    ],
    "magazines": [
      [ "9mm", [ "vd01mag" ] ]
    ]
  }
]