[
  {
    "id": "22mag",
    "copy-from": "sw22mag",
    "type": "MAGAZINE",
    "name": ".22 magazine",
    "description": "A standard 10 round capacity magazine for a .22 pistol."
  },
  {
    "id": "357_mag",
    "type": "MAGAZINE",
    "name": ".357 magazine",
    "description": "The standard magazine for a .357 semi-automatic, holds 7 rounds.",
    "//": "A Coonan.357 weighs (approx.) 1383.5 empty and 1496.9 full.  If a single round weighs 8 (can't be less than a .38) and there are 7 in a mag then (8*7)+X==113.4 and so the mag itself must weigh 57.4",
    "weight": 57.4,
    "volume": 1,
    "price": 5000,
    "material": "steel",
    "symbol": "#",
    "color": "ltgray",
    "ammo_type": "357",
    "capacity": 7,
    "reliability": 9,
    "flags": [ "MAG_COMPACT" ]
  },
  {
    "id": "strike9mm_mag",
    "type": "MAGAZINE",
    "name": "Strike One 9mm magazine",
    "description": "The standard magazine for the Browning HP, holds 17 rounds staggered.",
    "weight": 70,
    "volume": 1,
    "price": 4300,
    "material": "steel",
    "symbol": "#",
    "color": "ltgray",
    "ammo_type": "9mm",
    "capacity": 17,
    "reliability": 9,
    "flags": [ "MAG_COMPACT" ]
  },
  {
    "id": "strike40_mag",
    "type": "MAGAZINE",
    "name": "Strike One .40 magazine",
    "description": "The standard magazine for the Browning HP, holds 13 rounds staggered.",
    "weight": 70,
    "volume": 1,
    "price": 5000,
    "material": "steel",
    "symbol": "#",
    "color": "ltgray",
    "ammo_type": "40",
    "capacity": 13,
    "reliability": 9,
    "flags": [ "MAG_COMPACT" ]
  },
  {
    "id": "sw9mm_mag",
    "type": "MAGAZINE",
    "name": "S&W 9mm magazine",
    "description": "The S&W 9mm magazine, holds 14 rounds double column.",
    "weight": 70,
    "volume": 1,
    "price": 5000,
    "material": "steel",
    "symbol": "#",
    "color": "ltgray",
    "ammo_type": "9mm",
    "capacity": 14,
    "reliability": 9,
    "flags": [ "MAG_COMPACT" ]
  },  
  {
    "id": "hp9mm_mag",
    "type": "MAGAZINE",
    "name": "Browning HP 9mm magazine",
    "description": "The standard magazine for the Browning HP, holds 13 rounds staggered.",
    "weight": 70,
    "volume": 1,
    "price": 2500,
    "material": "steel",
    "symbol": "#",
    "color": "ltgray",
    "ammo_type": "9mm",
    "capacity": 13,
    "reliability": 9,
    "flags": [ "MAG_COMPACT" ]
  }, 
  {
    "id": "hp40mag",
    "type": "MAGAZINE",
    "name": "Browning HP .40 magazine",
    "description": "The .40 magazine for the Browning HP, holds 10 rounds double-stacked with a staggered feed.",
    "weight": 70,
    "volume": 1,
    "price": 2500,
    "material": "steel",
    "symbol": "#",
    "color": "ltgray",
    "ammo_type": "40",
    "capacity": 10,
    "reliability": 9,
    "flags": [ "MAG_COMPACT" ]
  },
  {
    "id": "ccw9mm_mag",
    "type": "MAGAZINE",
    "name": "compact concealed carry 9mm magazine",
    "description": "The standard magazine for a compact handgun, holds 7 rounds.",
    "weight": 54,
    "volume": 1,
    "price": 2500,
    "material": "steel",
    "symbol": "#",
    "color": "ltgray",
    "ammo_type": "9mm",
    "capacity": 7,
    "reliability": 9,
    "flags": [ "MAG_COMPACT" ]
  }, 
  {
    "id": "ccw40mag",
    "type": "MAGAZINE",
    "name": "compact concealed carry .40 magazine",
    "description": "The standard magazine for a compact handgun, holds 6 rounds.",
    "weight": 54,
    "volume": 1,
    "price": 2500,
    "material": "steel",
    "symbol": "#",
    "color": "ltgray",
    "ammo_type": "40",
    "capacity": 6,
    "reliability": 9,
    "flags": [ "MAG_COMPACT" ]
  },
  {
    "id": "stechkinmag",
    "type": "MAGAZINE",
    "name": "Stechkin magazine",
    "description": "The standard magazine for the APB Stechkin, holds 20 rounds double-stacked with a double feed.",
    "weight": 80,
    "volume": 1,
    "price": 6500,
    "material": "steel",
    "symbol": "#",
    "color": "ltgray",
    "ammo_type": "9x18",
    "capacity": 20,
    "reliability": 9,
    "flags": [ "MAG_COMPACT" ]
  },  
  {
    "id": "vd01mag",
    "type": "MAGAZINE",
    "name": "VD-01 cylindrical magazine",
    "description": "An under-barrel, 33-round, helical loading, cylindrical magazine made for the Voros-Danuvia VD-01.",
    "weight": 450,
    "volume": 1,
    "price": 4920,
    "material": "steel",
    "symbol": "#",
    "color": "ltgray",
    "ammo_type": "9mm",
    "capacity": 33,
    "reliability": 9,
    "reload_time": 110,
    "flags": [ "MAG_COMPACT" ]
  }
]