[
  {
    "type": "item_group",
    "id": "mags_common",
    "items": [
      [ "sw9mm_mag", 25 ],
      [ "357_mag", 15 ],
      [ "ccw9mm_mag", 15 ]
    ]
  },
  {
    "type": "item_group",
    "id": "mags_surplus",
    "items": [
      [ "22mag", 45 ],
      [ "hp9mm_mag", 35 ],
      [ "hp40mag", 25 ]
    ]
  },
  {
    "type": "item_group",
    "id": "mags_obscure",
    "items": [
      [ "stechkinmag", 20 ],
      [ "vd01mag", 5 ]	
    ]
  },
  {
    "type" : "item_group",
    "id" : "mags_milspec",
    "items": [
      [ "strike9mm_mag", 15 ],
      [ "strike40_mag", 15 ]
    ]
  },
  {
    "type" : "item_group",
    "id" : "mags_cop",
    "items": [
      [ "ccw9mm_mag", 15 ],
      [ "ccw40mag", 15 ]
    ]
  },  
  {
    "type": "item_group",
    "id": "guns_pistol_rare",
    "items": [
      [ "amthard", 45 ],
      [ "automag", 45 ],
      [ "automagPack", 15 ],
      [ "coonan357", 25 ],      
      [ "coonan357Pack", 10 ],
      [ "hk45t", 35 ],
      [ "hk45ct", 25 ],
      [ "henry_mares_leg", 55 ],
      [ "korthcombat", 15 ]
    ]
  },
  {
    "type": "item_group",
    "id": "guns_pistol_obscure",
    "items": [
      [ "hshdm", 60 ],
      [ "stechkin", 60 ],
      [ "nibelungen", 5 ],
      [ "mr_73", 10 ],
      [ "vd01Pack", 10 ]
    ]
  },  
  {
    "type": "item_group",
    "id": "guns_pistol_milspec",
    "items": [
      [ "strike_one", 20 ],
      [ "beretta93r", 55 ],
      [ "m45a1", 30 ],
      [ "m45a1Pack", 10 ],
      [ "strike_onePack", 10 ]
    ]
  },  
  {
    "type": "item_group",
    "id": "guns_pistol_common",
    "items": [
      [ "hs_semi", 15 ],
      [ "hsdeluxe", 35 ],
      [ "browning_hp", 30 ],	
      [ "rohrbaugh_r9s", 20 ],	
      [ "sw_59", 20 ],	
      [ "sw_686", 20 ]
    ]
  },
  {
    "type" : "item_group",
    "id" : "guns_cop",
    "items":[	
      [ "sw_59", 20 ],
      [ "sw_686", 20 ],
      [ "kahr_k9", 20 ]
    ]
  } 
]