[
  {
    "type" : "item_group",
    "id" : "mags_swat",
    "items": [
      [ "six12mag", 30 ]
    ]
  },
  {
    "type" : "item_group",
    "id" : "mags_milspec",
    "items": [
      [ "six12mag", 20 ]
    ]
  },  
  {
    "type" : "item_group",
    "id" : "guns_shotgun_common",
    "items": [
      [ "six12", 20 ],
      [ "uts_15", 30 ]
    ]
  },
  {
    "type" : "item_group",
    "id" : "guns_shotgun_milspec",
    "items": [
      [ "six12mil", 25 ]
    ]
  }  
]